"FIPS","TOT_WA","TOT_BA","TOT_H"
"02000",66.5412658172994,3.903541558329,7.01838490206275
